,device_name,end_time,gpu_name,model_name,n_sim,n_ts,sim_time,simulator,total_time
0,bad.mc.vanderbilt.edu,20000,VOLTA_V100,pysb.examples.earm_1_0,128,101,248.49222469329834,gpu_ssa,248.65588903427124
1,bad.mc.vanderbilt.edu,20000,VOLTA_V100,pysb.examples.earm_1_0,256,101,221.79967975616455,gpu_ssa,222.00656700134277
2,bad.mc.vanderbilt.edu,20000,VOLTA_V100,pysb.examples.earm_1_0,512,101,240.0050084590912,gpu_ssa,240.25250101089478
3,bad.mc.vanderbilt.edu,20000,VOLTA_V100,pysb.examples.earm_1_0,1024,101,228.1560184955597,gpu_ssa,228.52510356903076
4,bad.mc.vanderbilt.edu,20000,VOLTA_V100,pysb.examples.earm_1_0,2048,101,224.8886969089508,gpu_ssa,225.5013473033905
5,bad.mc.vanderbilt.edu,20000,VOLTA_V100,pysb.examples.earm_1_0,4096,101,225.23007035255432,gpu_ssa,226.33228278160095
6,bad.mc.vanderbilt.edu,20000,VOLTA_V100,pysb.examples.earm_1_0,8192,101,228.6872730255127,gpu_ssa,230.76939177513123
7,bad.mc.vanderbilt.edu,20000,VOLTA_V100,pysb.examples.earm_1_0,16384,101,636.2822909355164,gpu_ssa,640.2973947525024
