,device_name,end_time,gpu_name,model_name,n_sim,n_ts,sim_time,simulator,total_time
0,buu,100,RTX2080,pysb.examples.schlogl,128,101,2.6800000000000015,bng,1.7752585411071777
1,buu,100,RTX2080,pysb.examples.schlogl,256,101,5.419999999999977,bng,3.4007740020751953
2,buu,100,RTX2080,pysb.examples.schlogl,512,101,10.649999999999874,bng,6.542994976043701
3,buu,100,RTX2080,pysb.examples.schlogl,1024,101,21.64999999999971,bng,13.10755467414856
4,buu,100,RTX2080,pysb.examples.schlogl,2048,101,42.950000000001054,bng,26.008568286895752
