,device_name,end_time,gpu_name,model_name,n_sim,n_ts,sim_time,simulator,total_time
0,buu,100,RTX2080,pysb.examples.michment,128,101,7.4101831912994385,bng,7.4101831912994385
1,buu,100,RTX2080,pysb.examples.michment,256,101,14.92043161392212,bng,14.92043161392212
2,buu,100,RTX2080,pysb.examples.michment,512,101,29.801817417144775,bng,29.801817417144775
3,buu,100,RTX2080,pysb.examples.michment,1024,101,59.15135216712952,bng,59.15135216712952
4,buu,100,RTX2080,pysb.examples.michment,2048,101,118.12779450416565,bng,118.12779450416565
5,buu,100,RTX2080,pysb.examples.michment,4096,101,234.24256682395935,bng,234.24256682395935
6,buu,100,RTX2080,pysb.examples.michment,8192,101,469.45830392837524,bng,469.45830392837524
7,buu,100,RTX2080,pysb.examples.michment,16384,101,962.8120470046997,bng,962.8120470046997
8,buu,100,RTX2080,pysb.examples.michment,32768,101,1940.224046945572,bng,1940.224046945572
