,device_name,end_time,gpu_name,model_name,n_sim,n_ts,sim_time,simulator,total_time
0,buu,100,RTX2080,pysb.examples.schlogl,128,101,1.280000000000001,bng,3.088636875152588
1,buu,100,RTX2080,pysb.examples.schlogl,256,101,2.5599999999999894,bng,5.981886148452759
2,buu,100,RTX2080,pysb.examples.schlogl,512,101,5.1099999999999355,bng,11.807074069976807
3,buu,100,RTX2080,pysb.examples.schlogl,1024,101,10.729999999999821,bng,23.963433027267456
4,buu,100,RTX2080,pysb.examples.schlogl,2048,101,20.650000000000407,bng,47.25522828102112
