,device_name,end_time,gpu_name,model_name,n_sim,n_ts,sim_time,simulator,total_time
0,buu,100,RTX2080,pysb.examples.schlogl,128,101,0.16313552856445312,bng,2.106872081756592
1,buu,100,RTX2080,pysb.examples.schlogl,256,101,4.106137037277222,bng,4.106137037277222
2,buu,100,RTX2080,pysb.examples.schlogl,512,101,7.942627906799316,bng,7.942627906799316
3,buu,100,RTX2080,pysb.examples.schlogl,1024,101,15.73530101776123,bng,15.73530101776123
4,buu,100,RTX2080,pysb.examples.schlogl,2048,101,30.840803146362305,bng,30.840803146362305
5,buu,100,RTX2080,pysb.examples.schlogl,4096,101,61.988142013549805,bng,61.988142013549805
6,buu,100,RTX2080,pysb.examples.schlogl,8192,101,125.81617093086243,bng,125.81617093086243
7,buu,100,RTX2080,pysb.examples.schlogl,16384,101,266.33178901672363,bng,266.33178901672363
8,buu,100,RTX2080,pysb.examples.schlogl,32768,101,532.33178901672363,bng,532.33178901672363
