,device_name,end_time,gpu_name,model_name,n_sim,n_ts,sim_time,simulator,total_time
0,buu,100,RTX2080,pysb.examples.michment,128,101,1.290000000000001,bng,1.0875296592712402
1,buu,100,RTX2080,pysb.examples.michment,256,101,2.7199999999999886,bng,2.0888657569885254
2,buu,100,RTX2080,pysb.examples.michment,512,101,5.319999999999935,bng,3.9180140495300293
3,buu,100,RTX2080,pysb.examples.michment,1024,101,10.779999999999818,bng,7.724200963973999
4,buu,100,RTX2080,pysb.examples.michment,2048,101,21.39000000000048,bng,15.473050594329834
