,device_name,end_time,gpu_name,model_name,n_sim,n_ts,sim_time,simulator,total_time
0,buu,100,RTX2080,pysb.examples.kinase_cascade,128,101,227.70000000000024,bng,230.00875329971313
1,buu,100,RTX2080,pysb.examples.kinase_cascade,256,101,455.56999999999806,bng,460.06521368026733
2,buu,100,RTX2080,pysb.examples.kinase_cascade,512,101,910.3399999999916,bng,919.0445663928986
3,buu,100,RTX2080,pysb.examples.kinase_cascade,1024,101,1821.1299999999792,bng,1838.0357115268707
4,buu,100,RTX2080,pysb.examples.kinase_cascade,2048,101,3642.2900000000695,bng,3676.4392080307007
